Source IP,Dest IP,Source Port,Dest Port,Protocol,Num Packets,Small Packets,Large Packets,Avg Payload,Dropped Packets,Duration,First Packet Length,Null Packets,Ratio of same packets,Std of Payload,Percentage of Small Packet,Percent of Latge Packet,Inter Arrival Time,Bytes per second,Packets Received,Packets Sent,Avg length received,Avg Length Sent,Packet per Second
172.27.22.206,184.84.108.217,50821,443,TCP,9,6,3,33.33333333,0,118017,100.4444444,0,0,176.8192912,0.555555556,0.007659913,14752.125,1000,31265.06173,544,155.7777778,66,76.2601998
172.27.22.206,131.253.61.82,50822,443,TCP,14,9,5,35.71428571,0,26126.25,567.5714286,0,0,1766.31055,0.571428571,0.304138558,2009.711538,1090,3119852.959,6971,622.4285714,66,535.8595283
172.27.22.206,40.77.224.11,50823,443,TCP,14,11,3,21.42857143,0,110342,70.78571429,0,0,152.9395806,0.714285714,0.008981168,8487.846154,712,23390.51531,603,125.6428571,66,126.8782513
172.27.22.206,131.253.61.82,50824,443,TCP,14,9,5,35.71428571,0,19971,571,0,0,1778.633981,0.571428571,0.400280407,1536.230769,1051,3163538.837,7019,625.8571429,66,701.0164739
172.27.22.206,131.253.61.82,50825,443,TCP,13,8,5,38.46153846,0,13639,614.9230769,0,0,1838.422562,0.538461538,0.586113351,1136.583333,775.125,3379797.515,7019,669.8461538,66,953.1490578
172.27.22.206,131.253.61.82,50826,443,TCP,14,9,5,35.71428571,0,14147.75,571,0,0,1778.633981,0.571428571,0.565036843,1088.288462,1108.25,3163538.837,7019,625.8571429,66,989.5566433
172.27.22.206,172.27.20.2,22,43436,TCP,138,3,135,97.82608696,0,5975212.75,131.942029,0,0,59.95357722,0.963768116,0.003047256,43614.69161,6429,3594.431422,742,185.942029,182,23.09541196
172.27.22.206,131.253.61.82,50827,443,TCP,14,9,5,35.71428571,0,13366,571,0,0,1778.633981,0.571428571,0.598084693,1028.153846,723,3163538.837,7019,625.8571429,66,1047.433787
172.27.22.206,172.27.20.2,22,43430,TCP,341,2,339,99.41348974,0,7866782,251.4017595,0,0,1100.249087,0.958944282,0.010897467,23137.59412,6056.75,1210548.053,11750,305.4017595,182,43.34682212
172.27.22.206,172.27.16.7,137,137,UDP,207,0,207,100,0,7845352,68,0,0,0,1,0.001794183,38084.23301,1115.75,0,110,110,110,26.38504939
172.27.22.206,172.27.27.172,33332,33315,UDP,89,0,89,100,0,7718986,93.52808989,0,0,47.22432479,0.056179775,0.00107838,87715.75,1396.125,2230.136851,264,135.5280899,80,11.53001184
172.27.22.206,172.27.27.172,33332,33316,UDP,90,0,90,100,0,7718983.75,104.0222222,0,0,44.06333265,0.077777778,0.001212854,86730.15449,1614.25,1941.577284,270,146.0222222,129,11.65956594
172.27.22.206,172.27.27.172,33312,33315,UDP,91,0,91,100,0,7753297,104.3406593,0,0,40.4111343,0.065934066,0.00122464,86147.74444,1067.5,1633.059775,265,146.3406593,260,11.73694236
172.27.22.206,172.27.27.172,33312,33316,UDP,91,0,91,100,0,7747118.75,102.6593407,0,0,43.34634851,0.076923077,0.001205868,86079.09722,1077.875,1878.905929,273,144.6593407,200,11.74630246
172.27.22.206,172.27.255.255,138,138,UDP,12,0,12,100,0,7777136.75,201,0,0,0,1,0.00031014,707012.4318,294258,0,243,243,243,1.542984312
172.27.22.206,184.84.108.217,50828,443,TCP,9,6,3,33.33333333,0,1429848.25,99.33333333,0,0,175.1983003,0.555555556,0.000625241,178731.0313,958.875,30694.44444,544,154.6666667,66,6.294374246
172.27.22.206,157.55.109.224,50829,443,TCP,14,11,3,21.42857143,0,1423602.5,70.07142857,0,0,152.2293684,0.714285714,0.000689097,109507.8846,1089,23173.78061,603,124.9285714,66,9.834205826
172.27.22.206,131.253.61.66,50830,443,TCP,13,8,5,38.46153846,0,15160,616.1538462,0,0,1851.713405,0.538461538,0.528364116,1263.333333,860.5,3428842.533,7067,671.0769231,66,857.5197889
172.27.22.206,131.253.61.66,50831,443,TCP,13,8,5,38.46153846,0,13521,618.6153846,0,0,1851.174538,0.538461538,0.594778493,1126.75,667,3426847.172,7067,673.5384615,66,961.4673471
172.27.22.206,52.230.7.59,49673,443,TCP,8,5,3,37.5,0,5781647,46,0,0,73.32632542,0.625,6.36E-05,825949.5714,5601,5376.75,276,100,276,1.383688766
172.27.22.206,131.253.61.66,50832,443,TCP,16,11,5,31.25,0,24148.25,374.625,0,0,1200.481199,0.625,0.248216744,1609.883333,1116,1441155.109,5051,429.375,66,662.5738925
172.27.22.206,52.175.18.194,50833,443,TCP,6,5,1,16.66666667,0,8508.75,33.83333333,0,0,74.88750823,0.666666667,0.023857793,1701.75,701.75,5608.138889,257,89.83333333,66,705.1564566
172.27.22.206,23.102.228.220,50834,443,TCP,6,5,1,16.66666667,0,4757,34.33333333,0,0,76.00365488,0.666666667,0.043304604,951.4,640,5776.555556,260,90.33333333,66,1261.299138
172.27.22.206,52.175.39.99,50835,443,TCP,12,7,5,41.66666667,0,12404,57.75,0,0,86.74879922,0.5,0.055869074,1127.636364,635,7525.354167,315,112.75,66,967.4298613
172.27.22.206,131.253.61.66,50836,443,TCP,13,8,5,38.46153846,0,33830,606.3076923,0,0,1817.706084,0.538461538,0.232988472,2819.166667,1228.125,3304055.408,6939,661.2307692,66,384.2743127
172.27.22.206,52.175.39.99,50837,443,TCP,12,7,5,41.66666667,0,14731,57.75,0,0,86.74879922,0.5,0.047043649,1339.181818,703,7525.354167,315,112.75,66,814.6086484
172.27.22.206,131.253.61.66,50838,443,TCP,11,6,5,45.45454545,0,30000.25,709.7272727,0,0,1957.911634,0.454545455,0.260231165,3000.025,521.5,3833417.967,6939,764.8181818,66,366.6636111
172.27.22.206,184.84.108.217,50839,80,TCP,55,21,34,61.81818182,0,3011739.25,543.3090909,0,0,629.233989,0.363636364,0.009921842,55772.94907,1806.375,395935.4129,2698,597.5272727,66,18.2618731
172.27.22.206,207.46.155.185,50840,80,TCP,55,21,34,61.81818182,0,3006287,542.3818182,0,0,629.5265349,0.363636364,0.009922872,55671.98148,2383.25,396303.6582,2698,596.6,66,18.29499313
172.27.22.206,131.253.61.66,50841,443,TCP,13,8,5,38.46153846,0,38046.25,602.6153846,0,0,1795.919932,0.538461538,0.205907284,3170.520833,968.625,3225328.402,6859,657.5384615,66,341.6893912
172.27.22.206,239.255.255.250,65090,1900,UDP,9,0,9,100,0,5472589,137,0,0,0,1,0.000225305,684073.625,2195.625,0,179,179,179,1.644559824
172.27.22.206,23.35.36.223,50842,443,TCP,9,6,3,33.33333333,0,9642,64.22222222,0,0,94.02495072,0.555555556,0.059946069,1205.25,1077.875,8840.691358,286,119.5555556,66,933.4163037
172.27.22.206,117.18.232.200,50845,443,TCP,2213,2166,47,2.123813827,0,2962741.75,1.422503389,0,0,10.57501241,0.978309986,0.001062529,1339.395005,1116,111.8308876,271,55.42792589,66,746.9432663
172.27.22.206,131.253.61.66,50846,443,TCP,6,5,1,16.66666667,0,3999,38.16666667,0,0,84.56243584,0.666666667,0.057264316,799.8,644,7150.805556,283,94.16666667,66,1500.375094
172.27.22.206,52.175.39.99,50847,443,TCP,13,8,5,38.46153846,0,12031,40,0,0,61.14228241,0.538461538,0.043221677,1002.583333,578.125,3738.378698,264,94.92307692,66,1080.541933
172.27.22.206,184.84.108.217,50848,443,TCP,6,5,1,16.66666667,0,39184.75,58.83333333,0,0,130.7343575,0.666666667,0.009008607,7836.95,850,17091.47222,407,114.8333333,66,153.1207932
172.27.22.206,184.84.108.217,50849,443,TCP,12,9,3,25,0,1359715.25,66.08333333,0,0,139.4772731,0.666666667,0.00058321,123610.4773,1086.75,19453.90972,544,121.0833333,66,8.825377225
172.27.22.206,157.55.109.224,50850,443,TCP,8,7,1,12.5,0,267481.25,27.25,0,0,71.63754253,0.75,0.00081501,38211.60714,1080.25,5131.9375,272,82.75,66,29.90863846
172.27.22.206,131.253.61.66,50851,443,TCP,14,9,5,35.71428571,0,14784.25,563,0,0,1758.552808,0.571428571,0.533134924,1137.25,694.75,3092507.98,6939,617.8571429,66,946.9536838
172.27.22.206,131.253.61.66,50852,443,TCP,13,8,5,38.46153846,0,12765.25,608.7692308,0,0,1817.170471,0.538461538,0.619964356,1063.770833,667.75,3302108.521,6939,663.6923077,66,1018.389769
172.27.22.206,111.221.29.253,50853,443,TCP,12,7,5,41.66666667,0,9565,57.66666667,0,0,86.55473541,0.5,0.072347099,869.5454545,383,7491.722222,314,112.6666667,66,1254.573968
172.27.22.206,111.221.29.253,50854,443,TCP,12,7,5,41.66666667,0,10212.25,57.66666667,0,0,86.55473541,0.5,0.067761757,928.3863636,386,7491.722222,314,112.6666667,66,1175.059365
172.27.22.206,111.221.29.253,50855,443,TCP,12,7,5,41.66666667,0,10302.75,57.58333333,0,0,86.36112005,0.5,0.067069472,936.6136364,428,7458.243056,313,112.5833333,66,1164.73757
172.27.22.206,111.221.29.253,50856,443,TCP,12,7,5,41.66666667,0,9581,57.58333333,0,0,86.36112005,0.5,0.072121908,871,430,7458.243056,313,112.5833333,66,1252.478864
172.27.22.206,65.55.252.190,50857,443,TCP,11,6,5,45.45454545,0,9281,355.8181818,0,0,813.441104,0.454545455,0.421721797,928.1,821.25,661686.4298,2962,422.5454545,74,1185.21711
172.27.22.206,184.84.108.217,50858,443,TCP,9,6,3,33.33333333,0,90255.75,99.33333333,0,0,175.1983003,0.555555556,0.009905186,11281.96875,1154.125,30694.44444,544,154.6666667,66,99.71663855
172.27.22.206,157.55.109.224,50859,443,TCP,14,11,3,21.42857143,0,82826,67.78571429,0,0,150.2310635,0.714285714,0.011457755,6371.230769,1088.25,22569.37245,603,122.6428571,66,169.0290488
172.27.22.206,131.253.61.66,50860,443,TCP,14,9,5,35.71428571,0,12982.25,569.8571429,0,0,1774.526111,0.571428571,0.614531379,998.6346154,692.25,3148942.918,7003,624.7142857,66,1078.395502
172.27.22.206,131.253.61.66,50861,443,TCP,14,9,5,35.71428571,0,15606.25,559.5714286,0,0,1737.558004,0.571428571,0.501978374,1200.480769,693,3019107.816,6859,614.4285714,66,897.0764918
172.27.22.206,111.221.29.174,50862,443,TCP,10,6,4,40,0,10253.25,310.5,0,0,579.9025866,0.5,0.30283081,1139.25,688.75,336287.01,1947,365.7,66,975.3005145
172.27.22.206,184.84.108.217,50863,443,TCP,6,5,1,16.66666667,0,4715,60.5,0,0,134.4591016,0.666666667,0.076988335,943,636,18079.25,417,116.5,66,1272.534464
172.27.22.206,184.84.108.217,50864,443,TCP,12,9,3,25,0,49775,66.91666667,0,0,140.1597055,0.666666667,0.016132597,4525,688.25,19644.74306,544,121.9166667,66,241.084882
172.27.22.206,40.77.224.11,50865,443,TCP,14,11,3,21.42857143,0,41642,70.78571429,0,0,152.9395806,0.714285714,0.023798088,3203.230769,690,23390.51531,603,125.6428571,66,336.1990298
172.27.22.206,111.221.29.254,50866,443,TCP,12,6,6,50,0,26133.25,532.1666667,0,0,930.0175476,0.416666667,0.244363024,2375.75,1064,864932.6389,3435,587.1666667,66,459.1851377
172.27.22.206,117.18.232.200,50867,443,TCP,22,17,5,22.72727273,0,123667,42.68181818,0,0,101.2193531,0.727272727,0.007592971,5888.904762,993,10245.35744,447,97.22727273,66,177.8970946
172.27.22.206,40.74.131.199,50869,443,TCP,61,58,3,4.918032787,0,85273.25,14.70491803,0,0,70.92173126,0.93442623,0.010519125,1421.220833,1082.75,5029.891965,539,68.90163934,66,715.3474272
172.27.22.206,40.74.131.199,50868,443,TCP,12,10,2,16.66666667,0,120877,34.33333333,0,0,76.46495203,0.75,0.003408423,10988.81818,1389,5846.888889,268,89.33333333,66,99.27446909
172.27.22.206,23.35.6.147,50870,443,TCP,10,7,3,30,0,49045,45.6,0,0,70.0125703,0.6,0.009297584,5449.444444,1294.25,4901.76,234,100.8,66,203.8943827
172.27.22.206,104.108.209.166,50871,80,TCP,6,5,1,16.66666667,0,48662,35.83333333,0,0,79.35241367,0.666666667,0.004418232,9732.4,2126,6296.805556,269,91.83333333,66,123.2994945
172.27.22.206,13.107.3.128,50872,443,TCP,14,9,5,35.71428571,0,20323,56.92857143,0,0,103.9637152,0.571428571,0.039216651,1563.307692,686,10808.45408,423,111.7857143,66,688.874674
172.27.22.206,52.232.69.150,50873,443,TCP,12,8,4,33.33333333,0,18157,69.25,0,0,126.2610556,0.583333333,0.045767473,1650.636364,642,15941.85417,485,124.25,66,660.9021314
172.27.22.206,104.25.218.21,50874,443,TCP,28,22,6,21.42857143,0,1473511.75,33.92857143,0,0,86.95984882,0.75,0.000644718,54574.50926,1078.75,7562.015306,469,88.35714286,66,19.00222377
172.27.22.206,104.215.18.210,50875,443,TCP,6,5,1,16.66666667,0,53477.25,34.66666667,0,0,76.74778317,0.666666667,0.003889504,10695.45,1061.25,5890.222222,262,90.66666667,66,112.1972428
172.27.22.206,13.107.21.200,50876,443,TCP,14,10,4,28.57142857,0,675484.25,32.21428571,0,0,63.68613247,0.642857143,0.000667669,51960.32692,1576.25,4055.923469,287,87.07142857,66,20.72587185
172.27.22.206,13.107.21.200,50877,443,TCP,120,66,54,45,0,674861,154.225,0,0,444.2026595,0.541666667,0.027423425,5671.10084,1061,197316.0027,3870,208.325,66,177.8143944
172.27.22.206,204.79.197.200,50878,443,TCP,13,9,4,30.76923077,0,1458184,34.69230769,0,0,65.40117437,0.615384615,0.000309289,121515.3333,1600.125,4277.313609,287,89.61538462,66,8.915198631
172.27.22.206,204.79.197.200,50879,443,TCP,23,14,9,39.13043478,0,1456215.75,239.6086957,0,0,584.7780928,0.565217391,0.003784467,66191.625,941.125,341965.4178,2753,294.1304348,66,15.79436289
172.27.22.206,131.253.61.70,50880,443,TCP,14,9,5,35.71428571,0,29419,566.4285714,0,0,1770.87712,0.571428571,0.26955369,2263,1079,3136005.776,6987,621.2857143,66,475.8829328
172.27.22.206,104.25.218.21,50881,443,TCP,6,5,1,16.66666667,0,9777.25,64.66666667,0,0,143.7714235,0.666666667,0.03968396,1955.45,1266.75,20670.22222,442,120.6666667,66,613.6694878
172.27.22.206,104.25.218.21,50882,443,TCP,6,5,1,16.66666667,0,11904.75,64.66666667,0,0,143.7714235,0.666666667,0.032592033,2380.95,1051.75,20670.22222,442,120.6666667,66,504.000504
172.27.22.206,104.25.218.21,50883,443,TCP,15,10,5,33.33333333,0,1395141,43.06666667,0,0,73.56708201,0.6,0.000463036,99652.92857,1076.375,5412.115556,286,97.86666667,66,10.75160145
172.27.22.206,204.79.197.200,50884,443,TCP,13,9,4,30.76923077,0,1329767.25,33.92307692,0,0,63.09314988,0.615384615,0.000331637,110813.9375,1907,3980.745562,277,88.84615385,66,9.776146916
172.27.22.206,204.79.197.200,50885,443,TCP,14,9,5,35.71428571,0,1328383,45.92857143,0,0,74.49561691,0.571428571,0.000484047,102183.3077,1251,5549.596939,277,100.7857143,66,10.53912915
172.27.22.206,131.253.61.70,50887,443,TCP,11,8,3,27.27272727,0,36590.25,528.5454545,0,0,1541.224323,0.636363636,0.158894788,3659.025,1672.625,2375372.413,5451,583.6363636,66,300.626533
172.27.22.206,131.253.61.70,50886,443,TCP,11,9,2,18.18181818,0,1260706,37.90909091,0,0,80.01022662,0.727272727,0.000330767,126070.6,3224.625,6401.636364,268,93,66,8.725269809
172.27.22.206,13.107.21.200,50888,443,TCP,13,9,4,30.76923077,0,1245571,34.76923077,0,0,65.63346311,0.615384615,0.000362886,103797.5833,1205,4307.751479,288,89.69230769,66,10.43698031
172.27.22.206,13.107.21.200,50889,443,TCP,14,9,5,35.71428571,0,1244949,84.85714286,0,0,191.1246521,0.571428571,0.000954256,95765.30769,1248,36528.63265,790,139.7142857,66,11.24544058
172.27.22.206,172.217.161.10,50890,443,TCP,14,8,6,42.85714286,0,1273804,54.78571429,0,0,87.2980176,0.5,0.000602133,97984.92308,1924,7620.943878,348,109.6428571,66,10.99070187
172.27.22.206,157.240.16.35,50891,443,TCP,17,11,6,35.29411765,0,423638,119.4117647,0,0,271.323311,0.588235294,0.004791827,26477.375,1237.125,73616.3391,1150,174.1176471,66,40.12860036
172.27.22.206,157.240.16.20,50892,443,TCP,29,23,6,20.68965517,0,420661,28,0,0,65.43779212,0.75862069,0.001930295,15023.60714,956.375,4282.104637,322,82.4137931,66,68.939122
172.27.22.206,172.217.24.227,50893,443,TCP,60,49,11,18.33333333,0,1266281.25,19.51666667,0,0,50.80783787,0.8,0.000924755,21462.39407,1087,2581.436389,339,73.71666667,66,47.38283853
172.27.22.206,172.217.24.238,50894,443,TCP,24,16,8,33.33333333,0,1266260,49.54166667,0,0,99.65209446,0.625,0.000938986,55054.78261,1088,9930.539931,455,104.0416667,66,18.95345348
172.27.22.206,35.186.165.146,50895,443,TCP,237,225,12,5.063291139,0,1235966.25,6.565400844,0,0,32.08888362,0.945147679,0.001258934,5237.145127,1083.75,1029.696452,361,60.61603376,66,191.7528088
172.27.22.206,35.186.165.146,50896,443,TCP,7,6,1,14.28571429,0,158903.25,55.28571429,0,0,134.7855439,0.714285714,0.002435444,26483.875,1997.625,18167.14286,441,111,66,44.05196244
172.27.22.206,35.186.165.146,50897,443,TCP,6,5,1,16.66666667,0,158272,64.5,0,0,143.3989191,0.666666667,0.002445158,31654.4,2264,20563.25,441,120.5,66,37.90942175
172.27.22.206,35.186.165.146,50898,443,TCP,14,9,5,35.71428571,0,892710.25,45.5,0,0,70.43396821,0.571428571,0.000713557,68670.01923,715,4960.943878,249,100.3571429,66,15.6825801
172.27.22.206,104.215.18.210,50899,443,TCP,13,9,4,30.76923077,0,19148.75,710.1538462,0,0,2185.353675,0.615384615,0.482120243,1595.729167,697.5,4775770.686,8315,765.0769231,66,678.8954893
172.27.22.206,52.175.39.99,50900,443,TCP,12,6,6,50,0,11011,114.6666667,0,0,180.83894,0.416666667,0.124965943,1001,1066,32702.72222,674,169.6666667,66,1089.819272
172.27.22.206,13.107.21.200,50901,443,TCP,13,9,4,30.76923077,0,935731,34.69230769,0,0,65.40117437,0.615384615,0.000481976,77977.58333,2203.25,4277.313609,287,89.61538462,66,13.89288161
172.27.22.206,13.107.21.200,50902,443,TCP,24,13,11,45.83333333,0,934870,132.9166667,0,0,279.0861451,0.5,0.003412239,40646.52174,1077,77889.07639,1107,187.4166667,66,25.67201857
172.27.22.206,172.217.24.227,50903,443,TCP,70,59,11,15.71428571,0,901568,16.97142857,0,0,47.88894466,0.828571429,0.001317704,13066.2029,1079,2293.35102,339,71.14285714,66,77.64250728
172.27.22.206,104.20.111.39,50904,443,TCP,41,34,7,17.07317073,0,898072,21.70731707,0,0,59.3295879,0.804878049,0.000991012,22451.8,1090.625,3520,352,76,66,45.65335519
172.27.22.206,172.217.161.14,50905,443,TCP,16,8,8,50,0,892855.5,74.0625,0,0,112.2999436,0.4375,0.001327202,59523.7,3484,12611.27734,434,128.8125,66,17.92003297
172.27.22.206,172.217.161.10,50906,443,TCP,13,7,6,46.15384615,0,896293.75,61.53846154,0,0,96.00209564,0.461538462,0.000892565,74691.14583,6503.375,9216.402367,381,116.4615385,66,14.50417344
172.27.22.206,151.101.0.134,50907,443,TCP,19,13,6,31.57894737,0,884063.75,240.9473684,0,0,435.0167953,0.631578947,0.00517836,49114.65278,9340,189239.6122,1294,295.5789474,66,21.49166279
172.27.22.206,104.16.161.13,50908,443,TCP,15,9,6,40,0,876736,60.53333333,0,0,107.7748682,0.533333333,0.00103566,62624,1442,11615.42222,460,115.3333333,66,17.10891306
172.27.22.206,172.217.160.232,50909,443,TCP,26,18,8,30.76923077,0,873674.75,71.07692308,0,0,187.1119021,0.653846154,0.002115204,34946.99,1086,35010.86391,938,125.5384615,66,29.75935839
172.27.22.206,157.240.16.35,50910,443,TCP,17,11,6,35.29411765,0,821245,79.94117647,0,0,151.4556589,0.588235294,0.001654805,51327.8125,1483.5,22938.81661,619,134.6470588,66,20.70027824
172.27.22.206,151.101.36.64,50911,443,TCP,12,9,3,25,0,855139.75,115.0833333,0,0,294.8062806,0.666666667,0.001614941,77739.97727,4174,86910.74306,1126,170.0833333,66,14.03279406
172.27.22.206,151.101.36.64,50912,443,TCP,20,12,8,40,0,860763,225.95,0,0,342.787467,0.55,0.005249993,45303.31579,1163,117503.2475,1070,280.55,66,23.23519947
172.27.22.206,104.108.215.118,50913,443,TCP,6,5,1,16.66666667,0,59785,34.16666667,0,0,75.6315998,0.666666667,0.003428954,11957,1052,5720.138889,259,90.16666667,66,100.359622
172.27.22.206,147.75.111.32,50914,443,TCP,6,5,1,16.66666667,0,87901,34.66666667,0,0,76.74778317,0.666666667,0.002366298,17580.2,997,5890.222222,262,90.66666667,66,68.25860912
172.27.22.206,151.101.36.134,50915,443,TCP,22,18,4,18.18181818,0,831950.75,78.90909091,0,0,206.0731837,0.772727273,0.002086662,39616.70238,1472,42466.15702,794,133.4545455,66,26.44387303
172.27.22.206,151.101.36.134,50916,443,TCP,11,8,3,27.27272727,0,834373.75,90.54545455,0,0,198.4422392,0.636363636,0.00119371,83437.375,4029.875,39379.32231,739,145.6363636,66,13.18354035
172.27.22.206,35.154.46.219,50917,443,TCP,17,12,5,29.41176471,0,420827.75,129.4117647,0,0,235.0141128,0.647058824,0.005227792,26301.73438,5144.75,55231.63322,709,184.1176471,66,40.39657556
172.27.22.206,35.154.46.219,50918,443,TCP,40,34,6,15,0,820865,71,0,0,189.3078445,0.825,0.003459765,21047.82051,1084.75,35837.46,705,125.3,66,48.72908456
172.27.22.206,35.154.46.219,50919,443,TCP,20,13,7,35,0,816789.5,174.3,0,0,268.3573923,0.6,0.004267929,42988.92105,10287.75,72015.69,704,228.9,66,24.48611301
172.27.22.206,35.154.46.219,50920,443,TCP,25,18,7,28,0,419267.75,135.12,0,0,242.0342125,0.68,0.008056904,17469.48958,2425.5,58580.56,710,189.6,66,59.6277677
172.27.22.206,35.154.46.219,50921,443,TCP,29,25,4,13.79310345,0,419256.25,53.68965517,0,0,158.3828502,0.827586207,0.003713719,14973.4375,1082.625,25085.12723,681,108.1034483,66,69.17010778
172.27.22.206,35.154.46.219,50922,443,TCP,6,5,1,16.66666667,0,49636,68.33333333,0,0,151.9667361,0.666666667,0.008260134,9927.2,1052,23093.88889,464,124.3333333,66,120.8800064
172.27.22.206,35.154.46.219,50923,443,TCP,9,7,2,22.22222222,0,570544.25,58.44444444,0,0,126.4294074,0.666666667,0.000921927,71318.03125,3964.625,15984.39506,454,113.7777778,66,15.77441189
172.27.22.206,35.154.46.219,50924,443,TCP,13,10,3,23.07692308,0,569251.75,63.76923077,0,0,128.1293725,0.692307692,0.001456298,47437.64583,1976.875,16417.13609,454,118.6923077,66,22.83699611
172.27.22.206,104.215.18.210,50925,443,TCP,13,9,4,30.76923077,0,42705,680.6153846,0,0,2074.275095,0.615384615,0.207188854,3558.75,887.625,4302617.172,7899,735.5384615,66,304.414003
172.27.22.206,104.16.77.166,50926,443,TCP,130,115,15,11.53846154,0,562021,15.03076923,0,0,54.35397026,0.876923077,0.003476738,4356.751938,1081,2954.354083,548,69.12307692,66,231.3080828
172.27.22.206,104.215.18.210,50927,443,TCP,13,9,4,30.76923077,0,19923,596.9230769,0,0,1785.389802,0.615384615,0.389499573,1660.25,671.5,3187616.746,6811,651.8461538,66,652.5121719
172.27.22.206,151.101.36.64,50928,443,TCP,11,7,4,36.36363636,0,409487,188.1818182,0,0,312.7967946,0.545454545,0.005055106,40948.7,4349.125,97841.83471,891,243.2727273,66,26.86287965
172.27.22.206,151.101.36.64,50929,443,TCP,7,5,2,28.57142857,0,409919,65.28571429,0,0,139.4673541,0.571428571,0.001114854,68319.83333,2621.5,19451.14286,460,121,66,17.07654439
172.27.22.206,151.101.36.64,50930,443,TCP,7,5,2,28.57142857,0,394780.75,65.28571429,0,0,139.4673541,0.571428571,0.001157605,65796.79167,4045.375,19451.14286,460,121,66,17.73136101
172.27.22.206,13.228.187.7,50931,443,TCP,15,12,3,20,0,344912,79.26666667,0,0,215.521837,0.733333333,0.003447256,24636.57143,1398.625,46449.66222,911,134.0666667,66,43.48935381
172.27.22.206,182.50.136.239,50932,80,TCP,6,5,1,16.66666667,0,375851.25,38,0,0,84.19026072,0.666666667,0.000606623,75170.25,1053.5,7088,282,94,66,15.96376226
172.27.22.206,157.240.16.20,50933,443,TCP,41,36,5,12.19512195,0,302308.25,22.02439024,0,0,77.22991933,0.853658537,0.002987017,7557.70625,1081.5,5964.46044,497,76.31707317,66,135.6231595
172.27.22.206,172.217.161.14,50934,443,TCP,32,24,8,25,0,343289,38.09375,0,0,103.3561378,0.71875,0.003550944,11073.83871,1088.75,10682.49121,603,92.59375,70,93.21592011
172.27.22.206,157.240.16.20,50935,443,TCP,20,15,5,25,0,257859,48.85,0,0,119.6835306,0.7,0.003788892,13571.52632,1073.5,14324.1475,570,103.45,66,77.56176825
172.27.22.206,157.240.16.20,50936,443,TCP,11,7,4,36.36363636,0,259272,41.90909091,0,0,66.60193827,0.545454545,0.001778055,25927.2,1064.625,4435.818182,264,97,66,42.42648647
172.27.22.206,172.217.161.13,50937,443,TCP,12,8,4,33.33333333,0,235497,35.5,0,0,61.2936919,0.583333333,0.00180894,21408.81818,1146,3756.916667,262,90.5,66,50.95606313
172.27.22.206,172.217.161.13,50938,443,TCP,19,11,8,42.10526316,0,233820,67.21052632,0,0,132.8747979,0.526315789,0.005461466,12990,1585.5,17655.71191,620,121.8421053,66,81.25908819
172.27.22.206,172.217.161.3,50939,443,TCP,21,15,6,28.57142857,0,231179,34.57142857,0,0,69.75008839,0.666666667,0.003140424,11558.95,737,4865.07483,312,89.14285714,66,90.83870075
172.27.22.206,104.108.215.118,50940,443,TCP,11,8,3,27.27272727,0,204058,118.4545455,0,0,277.2636958,0.636363636,0.006385439,20405.8,1307.375,76875.15702,1026,173.5454545,66,53.90624234
172.27.22.206,147.75.111.32,50941,443,TCP,14,9,5,35.71428571,0,149659.25,150.5,0,0,419.4788616,0.571428571,0.014078649,11512.25,711.25,175962.5153,1702,205.3571429,66,93.5458383
172.27.22.206,107.178.254.65,50942,443,TCP,12,8,4,33.33333333,0,186867,34.75,0,0,59.2102539,0.583333333,0.002231534,16987.90909,1437,3505.854167,253,89.75,66,64.2167959
172.27.22.206,107.178.254.65,50943,443,TCP,16,10,6,37.5,0,186241.75,69.4375,0,0,158.2336953,0.5625,0.005965365,12416.11667,2047,25037.90234,702,124.1875,66,85.90984567
172.27.22.206,52.76.153.125,50944,443,TCP,15,12,3,20,0,194093,80.06666667,0,0,218.812817,0.733333333,0.006187755,13863.78571,736,47879.04889,925,134.8666667,66,77.28253981
172.27.22.206,35.162.50.238,50945,443,TCP,13,11,2,15.38461538,0,164893.25,25.38461538,0,0,61.16734249,0.769230769,0.002001295,13741.10417,2225.625,3741.443787,258,80.30769231,66,78.83888516
172.27.22.206,35.162.50.238,50946,443,TCP,15,12,3,20,0,163101,92.53333333,0,0,264.1127705,0.733333333,0.008510064,11650.07143,1050.625,69755.55556,1112,147.3333333,66,91.96755385
172.27.22.206,34.204.127.79,50947,443,TCP,17,13,4,23.52941176,0,154513.25,81.52941176,0,0,172.0186479,0.705882353,0.008970105,9657.078125,2002.625,29590.41522,604,136.2352941,66,110.0229268
172.27.22.206,139.61.74.125,50948,443,TCP,6,5,1,16.66666667,0,32079.75,33.5,0,0,74.14344206,0.666666667,0.006265635,6415.95,1064,5497.25,255,89.5,66,187.0338765
172.27.22.206,151.101.36.134,50949,443,TCP,11,8,3,27.27272727,0,152324,155.3636364,0,0,400.5975908,0.636363636,0.011219506,15232.4,1985.375,160478.4298,1462,210.4545455,66,72.21449017
172.27.22.206,54.194.182.138,50950,443,TCP,6,5,1,16.66666667,0,11527,34.16666667,0,0,75.6315998,0.666666667,0.017784332,2305.4,635,5720.138889,259,90.16666667,66,520.5170469
172.27.22.206,139.61.74.125,50951,443,TCP,14,11,3,21.42857143,0,119912.75,73.71428571,0,0,152.8270331,0.714285714,0.008606257,9224.057692,698.75,23356.10204,567,128.5714286,66,116.7515548
172.27.22.206,54.194.182.138,50952,443,TCP,17,13,4,23.52941176,0,115491.75,81.23529412,0,0,170.6649523,0.705882353,0.011957564,7218.234375,3426.5,29126.52595,579,135.9411765,66,147.1966612
172.27.22.206,104.20.135.5,50953,443,TCP,6,5,1,16.66666667,0,18760,34.16666667,0,0,75.6315998,0.666666667,0.010927505,3752,638,5720.138889,259,90.16666667,66,319.8294243
172.27.22.206,104.20.135.5,50954,443,TCP,12,7,5,41.66666667,0,77561.75,68.5,0,0,115.8551538,0.5,0.010598007,7051.068182,636.75,13422.41667,453,123.5,66,154.7154364
172.27.22.206,104.20.135.5,50955,443,TCP,13,8,5,38.46153846,0,73648.75,63.23076923,0,0,112.8401498,0.538461538,0.011161086,6137.395833,659.5,12732.89941,453,118.1538462,66,176.5135186
172.27.22.206,204.79.197.200,50956,443,TCP,32,16,16,50,0,75724.25,121.3125,0,0,223.5716381,0.46875,0.051264951,2442.717742,806,49984.27734,847,175.6875,66,422.5858955
172.27.22.206,204.79.197.200,50957,443,TCP,13,9,4,30.76923077,0,58266,34.69230769,0,0,65.40117437,0.615384615,0.007740363,4855.5,1237.5,4277.313609,287,89.61538462,66,223.1146809
172.27.22.206,204.79.197.200,50958,443,TCP,15,8,7,46.66666667,0,63816.75,117.7333333,0,0,219.9835953,0.466666667,0.027672986,4558.339286,968.75,48392.78222,847,172.5333333,66,235.0480086
172.27.22.206,204.79.197.200,50959,443,TCP,13,9,4,30.76923077,0,65608.25,34.69230769,0,0,65.40117437,0.615384615,0.006874135,5467.354167,1852.5,4277.313609,287,89.61538462,66,198.1458125
172.27.22.206,184.84.108.217,50960,443,TCP,6,5,1,16.66666667,0,4966,60.5,0,0,134.4591016,0.666666667,0.07309706,993.2,638.25,18079.25,417,116.5,66,1208.215868
172.27.22.206,184.84.108.217,50961,443,TCP,12,9,3,25,0,55500,66.91666667,0,0,140.1597055,0.666666667,0.014468468,5045.454545,688.75,19644.74306,544,121.9166667,66,216.2162162
172.27.22.206,157.55.109.232,50962,443,TCP,14,11,3,21.42857143,0,46777,70.78571429,0,0,152.9395806,0.714285714,0.021185625,3598.230769,692.75,23390.51531,603,125.6428571,66,299.2923873
172.27.22.206,111.221.29.254,50963,443,TCP,16,6,10,62.5,0,28405,1228.375,0,0,1728.263141,0.3125,0.691920437,1893.666667,637,2986893.484,4235,1283.125,66,563.2811125
172.27.22.206,204.79.197.200,50964,443,TCP,7,6,1,14.28571429,0,9076,33.28571429,0,0,80.93913057,0.714285714,0.025672102,1512.666667,1399,6551.142857,287,89,66,771.2648744
172.27.22.206,204.79.197.200,50965,443,TCP,6,5,1,16.66666667,0,8453.25,38.83333333,0,0,86.05117986,0.666666667,0.027563363,1690.65,1251.25,7404.805556,287,94.83333333,66,709.7861769
172.27.22.206,204.79.197.200,50966,443,TCP,7,6,1,14.28571429,0,9174,28.71428571,0,0,69.75847546,0.714285714,0.021909745,1529,1475.625,4866.244898,255,84.42857143,66,763.0259429
172.27.22.206,204.79.197.200,50967,443,TCP,7,6,1,14.28571429,0,9158.25,28.71428571,0,0,69.75847546,0.714285714,0.021947424,1526.375,1232.375,4866.244898,255,84.42857143,66,764.338165
172.27.22.206,204.79.197.200,50968,443,TCP,6,5,1,16.66666667,0,9169,33.5,0,0,74.14344206,0.666666667,0.021921693,1833.8,1268,5497.25,255,89.5,66,654.3788854
172.27.22.206,204.79.197.200,50969,443,TCP,7,6,1,14.28571429,0,8546.75,28.71428571,0,0,69.75847546,0.714285714,0.023517711,1424.458333,1503.75,4866.244898,255,84.42857143,66,819.0247755
172.27.22.206,204.79.197.200,50970,443,TCP,7,6,1,14.28571429,0,8896.25,28.71428571,0,0,69.75847546,0.714285714,0.02259379,1482.708333,1405,4866.244898,255,84.42857143,66,786.8483912
172.27.22.206,204.79.197.200,50971,443,TCP,6,5,1,16.66666667,0,8878,33.5,0,0,74.14344206,0.666666667,0.022640234,1775.6,1254,5497.25,255,89.5,66,675.8278892
172.27.22.206,172.27.27.172,33332,33317,UDP,68,0,68,100,0,2116254,119.4705882,0,0,76.8936375,0.117647059,0.003838859,31585.8806,1091,5912.631488,439,161.4705882,439,32.13224878
172.27.22.206,23.35.6.147,50972,443,TCP,7,5,2,28.57142857,0,7494,71.14285714,0,0,117.4191863,0.571428571,0.066453163,1249,843.5,13787.26531,372,126.8571429,66,934.0805978
172.27.22.206,172.27.27.172,33312,33317,UDP,64,0,64,100,0,2086238,120.921875,0,0,68.74484178,0.109375,0.003709548,33114.88889,1158,4725.853271,389,162.921875,389,30.67722858
172.27.22.206,172.27.16.1,68,67,UDP,2,0,2,100,0,1439777,315,0,0,0,1,0.000437568,1439777,1439777,0,357,357,357,1.389104007
172.27.22.206,40.74.131.199,50974,443,TCP,6,5,1,16.66666667,0,8170,38.33333333,0,0,84.93461537,0.666666667,0.028151775,1634,1057.75,7213.888889,284,94.33333333,66,734.3941248
172.27.22.206,40.74.131.199,50973,443,TCP,6,5,1,16.66666667,0,9213,38.33333333,0,0,84.93461537,0.666666667,0.024964724,1842.6,1244,7213.888889,284,94.33333333,66,651.2536633
172.27.22.206,204.79.197.200,50975,443,TCP,6,5,1,16.66666667,0,9171,33.5,0,0,74.14344206,0.666666667,0.021916912,1834.2,1295,5497.25,255,89.5,66,654.2361793
172.27.22.206,204.79.197.200,50976,443,TCP,7,6,1,14.28571429,0,8177.75,28.71428571,0,0,69.75847546,0.714285714,0.024578888,1362.958333,1563.875,4866.244898,255,84.42857143,66,855.9811684
172.27.22.206,204.79.197.200,50978,443,TCP,7,6,1,14.28571429,0,9048,28.71428571,0,0,69.75847546,0.714285714,0.022214854,1508,1750.625,4866.244898,255,84.42857143,66,773.6516357
172.27.22.206,204.79.197.200,50977,443,TCP,6,5,1,16.66666667,0,7664.25,33.5,0,0,74.14344206,0.666666667,0.026225658,1532.85,952,5497.25,255,89.5,66,782.8554653
172.27.22.206,204.79.197.200,50980,443,TCP,6,5,1,16.66666667,0,9291,33.5,0,0,74.14344206,0.666666667,0.021633839,1858.2,1853,5497.25,255,89.5,66,645.7862448
172.27.22.206,204.79.197.200,50979,443,TCP,7,6,1,14.28571429,0,8401.75,28.71428571,0,0,69.75847546,0.714285714,0.023923587,1400.291667,1296.5,4866.244898,255,84.42857143,66,833.1597584
172.27.22.206,204.79.197.200,50982,443,TCP,7,6,1,14.28571429,0,9151,28.71428571,0,0,69.75847546,0.714285714,0.021964813,1525.166667,1405,4866.244898,255,84.42857143,66,764.943722
172.27.22.206,204.79.197.200,50981,443,TCP,7,6,1,14.28571429,0,9135,28.71428571,0,0,69.75847546,0.714285714,0.022003284,1522.5,1161.125,4866.244898,255,84.42857143,66,766.2835249
172.27.22.206,204.79.197.200,50983,443,TCP,7,6,1,14.28571429,0,9178.75,28.71428571,0,0,69.75847546,0.714285714,0.021898407,1529.791667,1245.5,4866.244898,255,84.42857143,66,762.6310772
172.27.22.206,204.79.197.200,50984,443,TCP,6,5,1,16.66666667,0,7501,33.5,0,0,74.14344206,0.666666667,0.026796427,1500.2,1056,5497.25,255,89.5,66,799.8933476
172.27.22.206,104.108.209.166,50985,80,TCP,6,5,1,16.66666667,0,21210.25,35.83333333,0,0,79.35241367,0.666666667,0.010136608,4242.05,1063.25,6296.805556,269,91.83333333,66,282.8820971
172.27.22.206,52.230.80.159,50986,443,TCP,8,7,1,12.5,0,9948,22.25,0,0,57.43637785,0.5,0.017893044,1421.142857,1288.75,3298.9375,232,80.75,66,804.1817451
172.27.22.206,52.230.80.159,50987,443,TCP,6,5,1,16.66666667,0,4575.25,29.66666667,0,0,65.5887863,0.666666667,0.038904978,915.05,639,4301.888889,232,85.66666667,66,1311.403748
172.27.22.206,111.221.29.254,50988,443,TCP,11,6,5,45.45454545,0,49764,601.9090909,0,0,1195.669003,0.454545455,0.133047986,4976.4,868.875,1429624.364,4235,657,66,221.0433245
172.27.22.206,52.230.80.159,50989,443,TCP,6,5,1,16.66666667,0,3818,29.66666667,0,0,65.5887863,0.666666667,0.046621268,763.6,631,4301.888889,232,85.66666667,66,1571.503405
172.27.22.206,52.230.80.159,50990,443,TCP,6,5,1,16.66666667,0,4897.75,29.66666667,0,0,65.5887863,0.666666667,0.036343219,979.55,633,4301.888889,232,85.66666667,66,1225.05232
172.27.22.206,52.230.80.159,50991,443,TCP,6,5,1,16.66666667,0,3804.25,29.66666667,0,0,65.5887863,0.666666667,0.046789775,760.85,631.25,4301.888889,232,85.66666667,66,1577.183413
172.27.22.206,52.230.85.180,50992,443,TCP,6,5,1,16.66666667,0,3805,29.66666667,0,0,65.5887863,0.666666667,0.046780552,761,643,4301.888889,232,85.66666667,66,1576.872536
172.27.22.206,111.221.29.253,50993,443,TCP,7,5,2,28.57142857,0,4950,76,0,0,122.3504502,0.571428571,0.107474747,825,844.5,14969.63265,372,131.7142857,66,1414.141414
172.27.22.206,111.221.29.253,50994,443,TCP,13,6,7,53.84615385,0,11129,131,0,0,182.7059266,0.384615385,0.153023632,927.4166667,841,33381.45562,682,185.9230769,66,1168.119328
172.27.22.206,204.79.197.213,50995,443,TCP,12,8,4,33.33333333,0,33178,131.9166667,0,0,346.6574818,0.583333333,0.04771234,3016.181818,695,120171.4097,1322,186.9166667,66,361.6854542
172.27.22.206,40.79.48.16,50996,443,TCP,6,5,1,16.66666667,0,4885,35,0,0,77.49193506,0.666666667,0.042988741,977,643,6005,264,91,66,1228.249744
172.27.22.206,52.230.85.180,50997,443,TCP,6,5,1,16.66666667,0,3814,29.66666667,0,0,65.5887863,0.666666667,0.046670163,762.8,643,4301.888889,232,85.66666667,66,1573.151547
172.27.22.206,204.79.197.213,50998,443,TCP,7,6,1,14.28571429,0,5072.75,31.85714286,0,0,77.44464778,0.714285714,0.043960377,845.4583333,666.75,5997.673469,277,87.57142857,66,1379.922133
172.27.22.206,204.79.197.213,50999,443,TCP,12,8,4,33.33333333,0,83211,157.4166667,0,0,430.3642756,0.583333333,0.022701326,7564.636364,1073.75,185213.4097,1628,212.4166667,66,144.2117028
172.27.22.206,204.79.197.213,51000,443,TCP,7,6,1,14.28571429,0,5346,25.85714286,0,0,62.77364584,0.714285714,0.033857089,891,662.75,3940.530612,235,81.57142857,66,1309.390198
172.27.22.206,204.79.197.213,51001,443,TCP,7,6,1,14.28571429,0,4905.25,25.85714286,0,0,62.77364584,0.714285714,0.036899241,817.5416667,661.125,3940.530612,235,81.57142857,66,1427.042455
172.27.22.206,52.114.32.7,51002,443,TCP,6,5,1,16.66666667,0,8080.25,37.16666667,0,0,82.32945335,0.666666667,0.027598156,1616.05,1296.75,6778.138889,277,93.16666667,66,742.5512824
172.27.22.206,52.114.32.7,51003,443,TCP,6,5,1,16.66666667,0,6416,37.16666667,0,0,82.32945335,0.666666667,0.034756858,1283.2,1369.75,6778.138889,277,93.16666667,66,935.1620948
172.27.22.206,52.114.32.7,51004,443,TCP,17,11,6,35.29411765,0,1453832,346.8823529,0,0,725.1274175,0.588235294,0.004056177,90864.5,949,525809.7716,2875,401.5882353,66,11.69323553
172.27.22.206,131.253.61.102,51005,443,TCP,14,9,5,35.71428571,0,14046,565.2857143,0,0,1766.768958,0.571428571,0.56343443,1080.461538,709,3121472.551,6971,620.1428571,66,996.7250463
172.27.22.206,52.230.80.159,51006,443,TCP,6,5,1,16.66666667,0,3821,29.66666667,0,0,65.5887863,0.666666667,0.046584664,764.2,647,4301.888889,232,85.66666667,66,1570.269563
172.27.22.206,204.79.197.200,51008,443,TCP,6,5,1,16.66666667,0,9142.25,33.5,0,0,74.14344206,0.666666667,0.021985835,1828.45,1266.25,5497.25,255,89.5,66,656.293582
172.27.22.206,204.79.197.200,51007,443,TCP,7,6,1,14.28571429,0,8002,28.71428571,0,0,69.75847546,0.714285714,0.02511872,1333.666667,1487.5,4866.244898,255,84.42857143,66,874.7813047
172.27.22.206,204.79.197.200,51009,443,TCP,7,6,1,14.28571429,0,9001,28.71428571,0,0,69.75847546,0.714285714,0.022330852,1500.166667,1506.5,4866.244898,255,84.42857143,66,777.6913676
172.27.22.206,204.79.197.200,51010,443,TCP,7,6,1,14.28571429,0,8980.25,28.71428571,0,0,69.75847546,0.714285714,0.02238245,1496.708333,964.5,4866.244898,255,84.42857143,66,779.4883216
172.27.22.206,52.230.84.0,51011,443,TCP,6,5,1,16.66666667,0,5197,29.66666667,0,0,65.5887863,0.666666667,0.034250529,1039.4,640.75,4301.888889,232,85.66666667,66,1154.512219
172.27.22.206,204.79.197.213,51012,443,TCP,7,6,1,14.28571429,0,4931,25.85714286,0,0,62.77364584,0.714285714,0.03670655,821.8333333,667.625,3940.530612,235,81.57142857,66,1419.590347
172.27.22.206,204.79.197.213,51013,443,TCP,7,6,1,14.28571429,0,5066,25.85714286,0,0,62.77364584,0.714285714,0.035728385,844.3333333,731.375,3940.530612,235,81.57142857,66,1381.760758
172.27.22.206,204.79.197.213,51014,443,TCP,7,6,1,14.28571429,0,4930.75,25.85714286,0,0,62.77364584,0.714285714,0.036708411,821.7916667,697,3940.530612,235,81.57142857,66,1419.662323
172.27.22.206,52.230.80.159,51015,443,TCP,6,5,1,16.66666667,0,4793.25,29.66666667,0,0,65.5887863,0.666666667,0.037135555,958.65,649.25,4301.888889,232,85.66666667,66,1251.760288
172.27.22.206,131.253.61.100,51016,443,TCP,13,8,5,38.46153846,0,13540.25,608.7692308,0,0,1826.207562,0.538461538,0.584479607,1128.354167,666.875,3335034.059,6971,663.6923077,66,960.1004413
172.27.22.206,131.253.61.100,51017,443,TCP,13,8,5,38.46153846,0,12950,613.6923077,0,0,1834.172022,0.538461538,0.616061776,1079.166667,691.875,3364187.006,7003,668.6153846,66,1003.861004
172.27.22.206,52.114.32.7,51018,443,TCP,13,9,4,30.76923077,0,38342.25,181.7692308,0,0,371.7162658,0.615384615,0.061629143,3195.1875,729.125,138172.9822,1403,236.6923077,66,339.0515684
172.27.22.206,52.230.80.159,51019,443,TCP,6,5,1,16.66666667,0,3825.75,29.66666667,0,0,65.5887863,0.666666667,0.046526825,765.15,639,4301.888889,232,85.66666667,66,1568.319937
172.27.22.206,204.79.197.213,51020,443,TCP,7,6,1,14.28571429,0,5059,25.85714286,0,0,62.77364584,0.714285714,0.035777822,843.1666667,664.625,3940.530612,235,81.57142857,66,1383.672663
172.27.22.206,204.79.197.213,51021,443,TCP,7,6,1,14.28571429,0,4914.75,25.85714286,0,0,62.77364584,0.714285714,0.036827916,819.125,690.625,3940.530612,235,81.57142857,66,1424.284043
172.27.22.206,204.79.197.213,51022,443,TCP,7,6,1,14.28571429,0,5054,25.85714286,0,0,62.77364584,0.714285714,0.035813217,842.3333333,691,3940.530612,235,81.57142857,66,1385.041551
172.27.22.206,52.230.84.0,51023,443,TCP,6,5,1,16.66666667,0,4224,29.66666667,0,0,65.5887863,0.666666667,0.042140152,844.8,637,4301.888889,232,85.66666667,66,1420.454545
172.27.22.206,52.175.39.99,51024,443,TCP,7,5,2,28.57142857,0,5146,76,0,0,122.3504502,0.571428571,0.103381267,857.6666667,854.125,14969.63265,372,131.7142857,66,1360.279829
172.27.22.206,204.79.197.213,51025,443,TCP,7,6,1,14.28571429,0,4938,25.85714286,0,0,62.77364584,0.714285714,0.036654516,823,688.5,3940.530612,235,81.57142857,66,1417.577967
172.27.22.206,204.79.197.213,51026,443,TCP,7,6,1,14.28571429,0,6042,25.85714286,0,0,62.77364584,0.714285714,0.029956968,1007,694.375,3940.530612,235,81.57142857,66,1158.556769
172.27.22.206,204.79.197.213,51027,443,TCP,7,6,1,14.28571429,0,4940,25.85714286,0,0,62.77364584,0.714285714,0.036639676,823.3333333,667.375,3940.530612,235,81.57142857,66,1417.004049
172.27.22.206,111.221.29.254,51028,443,TCP,12,6,6,50,0,44715,516.1666667,0,0,888.059667,0.416666667,0.138521749,4065,1065.25,788649.9722,3275,571.1666667,66,268.36632
172.27.22.206,52.230.83.250,51029,443,TCP,6,5,1,16.66666667,0,3998,29.66666667,0,0,65.5887863,0.666666667,0.044522261,799.6,645,4301.888889,232,85.66666667,66,1500.750375
172.27.22.206,117.18.232.200,51030,443,TCP,20,15,5,25,0,15963.75,46.8,0,0,104.8357763,0.7,0.05863284,840.1973684,696.5,10990.54,447,101.4,66,1252.838462
172.27.22.206,52.230.83.250,51112,443,TCP,6,5,1,16.66666667,0,3824,29.66666667,0,0,65.5887863,0.666666667,0.046548117,764.8,638,4301.888889,232,85.66666667,66,1569.037657
172.27.22.206,52.230.83.250,51113,443,TCP,6,5,1,16.66666667,0,3954.25,29.66666667,0,0,65.5887863,0.666666667,0.045014857,790.85,630.75,4301.888889,232,85.66666667,66,1517.354745
172.27.22.206,52.230.84.0,51114,443,TCP,6,5,1,16.66666667,0,4877.75,29.66666667,0,0,65.5887863,0.666666667,0.036492235,975.55,672.75,4301.888889,232,85.66666667,66,1230.075342
172.27.22.206,204.79.197.213,51115,443,TCP,7,6,1,14.28571429,0,5253.75,25.85714286,0,0,62.77364584,0.714285714,0.034451582,875.625,697.875,3940.530612,235,81.57142857,66,1332.381632
172.27.22.206,204.79.197.213,51116,443,TCP,7,6,1,14.28571429,0,5076.75,25.85714286,0,0,62.77364584,0.714285714,0.035652731,846.125,726,3940.530612,235,81.57142857,66,1378.834885
172.27.22.206,204.79.197.213,51117,443,TCP,7,6,1,14.28571429,0,5516,25.85714286,0,0,62.77364584,0.714285714,0.032813633,919.3333333,869.5,3940.530612,235,81.57142857,66,1269.035533
172.27.22.206,52.230.84.0,51118,443,TCP,6,5,1,16.66666667,0,4671.75,29.66666667,0,0,65.5887863,0.666666667,0.038101354,934.35,802.75,4301.888889,232,85.66666667,66,1284.315299
172.27.22.206,52.230.84.0,51119,443,TCP,6,5,1,16.66666667,0,4031,29.66666667,0,0,65.5887863,0.666666667,0.044157777,806.2,685,4301.888889,232,85.66666667,66,1488.464401
172.27.22.206,52.230.84.0,51120,443,TCP,6,5,1,16.66666667,0,3864,29.66666667,0,0,65.5887863,0.666666667,0.046066253,772.8,637,4301.888889,232,85.66666667,66,1552.795031
172.27.22.206,52.230.84.0,51121,443,TCP,6,5,1,16.66666667,0,3966,29.66666667,0,0,65.5887863,0.666666667,0.044881493,793.2,635,4301.888889,232,85.66666667,66,1512.859304
172.27.22.206,104.108.209.166,51122,80,TCP,6,5,1,16.66666667,0,53762.75,35.83333333,0,0,79.35241367,0.666666667,0.003999051,10752.55,1056.75,6296.805556,269,91.83333333,66,111.6014341
172.27.22.206,52.230.84.0,51123,443,TCP,6,5,1,16.66666667,0,4825,29.66666667,0,0,65.5887863,0.666666667,0.036891192,965,645,4301.888889,232,85.66666667,66,1243.523316
172.27.22.206,52.230.84.0,51124,443,TCP,6,5,1,16.66666667,0,3834,29.66666667,0,0,65.5887863,0.666666667,0.046426708,766.8,634,4301.888889,232,85.66666667,66,1564.945227
172.27.22.206,52.230.84.0,51125,443,TCP,6,5,1,16.66666667,0,3831.25,29.66666667,0,0,65.5887863,0.666666667,0.046460033,766.25,638,4301.888889,232,85.66666667,66,1566.068515
172.27.22.206,52.230.85.180,51126,443,TCP,6,5,1,16.66666667,0,4922.75,29.66666667,0,0,65.5887863,0.666666667,0.036158651,984.55,635,4301.888889,232,85.66666667,66,1218.830938
172.27.22.206,52.230.85.180,51127,443,TCP,6,5,1,16.66666667,0,4783,29.66666667,0,0,65.5887863,0.666666667,0.037215137,956.6,644.75,4301.888889,232,85.66666667,66,1254.442818
172.27.22.206,204.79.197.213,51128,443,TCP,7,6,1,14.28571429,0,4926.25,25.85714286,0,0,62.77364584,0.714285714,0.036741944,821.0416667,666.25,3940.530612,235,81.57142857,66,1420.959147
172.27.22.206,204.79.197.213,51129,443,TCP,7,6,1,14.28571429,0,4908.25,25.85714286,0,0,62.77364584,0.714285714,0.036876687,818.0416667,660.75,3940.530612,235,81.57142857,66,1426.170224
172.27.22.206,204.79.197.213,51130,443,TCP,7,6,1,14.28571429,0,5067.5,25.85714286,0,0,62.77364584,0.714285714,0.03571781,844.5833333,691.75,3940.530612,235,81.57142857,66,1381.351751
172.27.22.206,111.221.29.253,51131,443,TCP,12,7,5,41.66666667,0,9582,101,0,0,213.5325892,0.5,0.126487163,871.0909091,395.25,45596.16667,834,156,66,1252.348153
172.27.22.206,52.230.3.194,51132,443,TCP,6,5,1,16.66666667,0,4137.25,29.66666667,0,0,65.5887863,0.666666667,0.043023748,827.45,930,4301.888889,232,85.66666667,66,1450.238685
172.27.22.206,52.230.3.194,51133,443,TCP,6,5,1,16.66666667,0,3960.25,29.66666667,0,0,65.5887863,0.666666667,0.044946657,792.05,638.25,4301.888889,232,85.66666667,66,1515.055868
172.27.22.206,52.230.83.250,51134,443,TCP,6,5,1,16.66666667,0,5146.75,29.66666667,0,0,65.5887863,0.666666667,0.034584932,1029.35,640,4301.888889,232,85.66666667,66,1165.784233
172.27.22.206,204.79.197.213,51135,443,TCP,7,6,1,14.28571429,0,5435.75,25.85714286,0,0,62.77364584,0.714285714,0.033298073,905.9583333,850,3940.530612,235,81.57142857,66,1287.770777
172.27.22.206,204.79.197.213,51136,443,TCP,7,6,1,14.28571429,0,4919,25.85714286,0,0,62.77364584,0.714285714,0.036796097,819.8333333,661.375,3940.530612,235,81.57142857,66,1423.053466
172.27.22.206,204.79.197.213,51137,443,TCP,7,6,1,14.28571429,0,4928.25,25.85714286,0,0,62.77364584,0.714285714,0.036727033,821.375,666.875,3940.530612,235,81.57142857,66,1420.382489
172.27.22.206,111.221.29.254,51138,443,TCP,14,6,8,57.14285714,0,24947.5,719.7142857,0,0,1080.136679,0.357142857,0.403888165,1919.038462,1151,1166695.245,3883,774.5714286,66,561.1784748
172.27.22.206,52.230.84.217,51139,443,TCP,6,5,1,16.66666667,0,5270.75,29.66666667,0,0,65.5887863,0.666666667,0.033771285,1054.15,757.75,4301.888889,232,85.66666667,66,1138.357919
172.27.22.206,204.79.197.213,51140,443,TCP,7,6,1,14.28571429,0,4919,25.85714286,0,0,62.77364584,0.714285714,0.036796097,819.8333333,664.5,3940.530612,235,81.57142857,66,1423.053466
172.27.22.206,204.79.197.213,51141,443,TCP,7,6,1,14.28571429,0,5068.25,25.85714286,0,0,62.77364584,0.714285714,0.035712524,844.7083333,665.5,3940.530612,235,81.57142857,66,1381.147339
172.27.22.206,204.79.197.213,51142,443,TCP,7,6,1,14.28571429,0,4944,25.85714286,0,0,62.77364584,0.714285714,0.036610032,824,679.5,3940.530612,235,81.57142857,66,1415.857605
172.27.22.206,52.230.84.217,51143,443,TCP,6,5,1,16.66666667,0,4873,29.66666667,0,0,65.5887863,0.666666667,0.036527806,974.6,643.25,4301.888889,232,85.66666667,66,1231.274369
172.27.22.206,204.79.197.213,51144,443,TCP,7,6,1,14.28571429,0,4924.75,25.85714286,0,0,62.77364584,0.714285714,0.036753135,820.7916667,664.5,3940.530612,235,81.57142857,66,1421.391949
172.27.22.206,204.79.197.213,51145,443,TCP,7,6,1,14.28571429,0,5057,25.85714286,0,0,62.77364584,0.714285714,0.035791972,842.8333333,666.375,3940.530612,235,81.57142857,66,1384.219893
172.27.22.206,204.79.197.213,51146,443,TCP,7,6,1,14.28571429,0,4912.25,25.85714286,0,0,62.77364584,0.714285714,0.036846659,818.7083333,665.25,3940.530612,235,81.57142857,66,1425.008906
172.27.22.206,52.230.7.59,51147,443,TCP,6,5,1,16.66666667,0,4755,29.66666667,0,0,65.5887863,0.666666667,0.03743428,951,642,4301.888889,232,85.66666667,66,1261.829653
172.27.22.206,52.187.76.158,51148,443,TCP,6,5,1,16.66666667,0,8099.75,33,0,0,73.02739212,0.666666667,0.024445199,1619.95,1273,5333,252,89,66,740.7636038
172.27.22.206,52.187.76.158,51149,443,TCP,6,5,1,16.66666667,0,7100,33,0,0,73.02739212,0.666666667,0.027887324,1420,1379,5333,252,89,66,845.0704225
172.27.22.206,204.79.197.213,51150,443,TCP,7,6,1,14.28571429,0,6024.5,25.85714286,0,0,62.77364584,0.714285714,0.030043987,1004.083333,914.25,3940.530612,235,81.57142857,66,1161.922151
172.27.22.206,204.79.197.213,51151,443,TCP,7,6,1,14.28571429,0,4936,25.85714286,0,0,62.77364584,0.714285714,0.036669368,822.6666667,663.5,3940.530612,235,81.57142857,66,1418.15235
172.27.22.206,204.79.197.213,51152,443,TCP,7,6,1,14.28571429,0,5090,25.85714286,0,0,62.77364584,0.714285714,0.035559921,848.3333333,673.5,3940.530612,235,81.57142857,66,1375.24558
172.27.22.206,52.230.7.59,51153,443,TCP,6,5,1,16.66666667,0,4798,29.66666667,0,0,65.5887863,0.666666667,0.037098791,959.6,644,4301.888889,232,85.66666667,66,1250.52105
172.27.22.206,52.230.80.159,51154,443,TCP,6,5,1,16.66666667,0,3851,29.66666667,0,0,65.5887863,0.666666667,0.046221761,770.2,643,4301.888889,232,85.66666667,66,1558.036874
172.27.22.206,204.79.197.213,51155,443,TCP,7,6,1,14.28571429,0,4932.75,25.85714286,0,0,62.77364584,0.714285714,0.036693528,822.125,690,3940.530612,235,81.57142857,66,1419.086716
172.27.22.206,204.79.197.213,51156,443,TCP,7,6,1,14.28571429,0,4943,25.85714286,0,0,62.77364584,0.714285714,0.036617439,823.8333333,672,3940.530612,235,81.57142857,66,1416.144042
172.27.22.206,204.79.197.213,51157,443,TCP,7,6,1,14.28571429,0,4952,25.85714286,0,0,62.77364584,0.714285714,0.036550889,825.3333333,694.875,3940.530612,235,81.57142857,66,1413.570275
172.27.22.206,52.175.39.99,51158,443,TCP,15,7,8,53.33333333,0,13061.75,128.0666667,0,0,173.7246352,0.4,0.147070645,932.9821429,875.875,30180.24889,674,182.8666667,66,1148.391295
172.27.22.206,204.79.197.213,51159,443,TCP,12,8,4,33.33333333,0,45695.25,131.9166667,0,0,346.6574818,0.583333333,0.03464255,4154.113636,694,120171.4097,1322,186.9166667,66,262.6093522
172.27.22.206,52.239.177.68,51160,443,TCP,6,5,1,16.66666667,0,3853,35,0,0,77.49193506,0.666666667,0.054502985,770.6,639.75,6005,264,91,66,1557.228134
172.27.22.206,204.79.197.213,51161,443,TCP,7,6,1,14.28571429,0,4961,25.85714286,0,0,62.77364584,0.714285714,0.03648458,826.8333333,699.5,3940.530612,235,81.57142857,66,1411.005846
172.27.22.206,204.79.197.213,51162,443,TCP,7,6,1,14.28571429,0,5084,25.85714286,0,0,62.77364584,0.714285714,0.035601888,847.3333333,762.375,3940.530612,235,81.57142857,66,1376.868607
172.27.22.206,204.79.197.213,51163,443,TCP,7,6,1,14.28571429,0,4953,25.85714286,0,0,62.77364584,0.714285714,0.036543509,825.5,668.5,3940.530612,235,81.57142857,66,1413.284878
172.27.22.206,52.230.84.217,51164,443,TCP,6,5,1,16.66666667,0,3970.25,29.66666667,0,0,65.5887863,0.666666667,0.044833449,794.05,639,4301.888889,232,85.66666667,66,1511.239846
172.27.22.206,131.253.61.68,51165,443,TCP,13,8,5,38.46153846,0,12665.25,608.7692308,0,0,1826.207562,0.538461538,0.624859359,1055.4375,700.125,3335034.059,6971,663.6923077,66,1026.430588
172.27.22.206,204.79.197.213,51166,443,TCP,7,6,1,14.28571429,0,5447.75,25.85714286,0,0,62.77364584,0.714285714,0.033224726,907.9583333,875,3940.530612,235,81.57142857,66,1284.934147
172.27.22.206,204.79.197.213,51167,443,TCP,12,8,4,33.33333333,0,55939.25,158.1666667,0,0,424.369696,0.583333333,0.033929665,5085.386364,1092,180089.6389,1605,213.1666667,66,214.5184285
172.27.22.206,204.79.197.213,51168,443,TCP,7,6,1,14.28571429,0,5208,25.85714286,0,0,62.77364584,0.714285714,0.034754224,868,662.875,3940.530612,235,81.57142857,66,1344.086022
172.27.22.206,204.79.197.213,51169,443,TCP,7,6,1,14.28571429,0,4921.75,25.85714286,0,0,62.77364584,0.714285714,0.036775537,820.2916667,659.875,3940.530612,235,81.57142857,66,1422.258343
172.27.22.206,52.114.32.7,51170,443,TCP,13,9,4,30.76923077,0,48569,194.3846154,0,0,412.7231116,0.615384615,0.052029072,4047.416667,1443.125,170340.3669,1563,249.3076923,66,267.6604418
172.27.22.206,52.114.32.7,51171,443,TCP,14,10,4,28.57142857,0,49312.25,275.3571429,0,0,727.7007998,0.642857143,0.078175301,3793.25,1034,529548.4541,2891,330.2142857,66,283.9051149
172.27.22.206,111.221.29.254,51172,443,TCP,10,6,4,40,0,38913,199.2,0,0,308.2032446,0.5,0.051191119,4323.666667,1065,94989.24,875,254.4,66,256.9835274
172.27.22.206,52.230.3.194,51173,443,TCP,6,5,1,16.66666667,0,4847.25,29.66666667,0,0,65.5887863,0.666666667,0.036721853,969.45,697.25,4301.888889,232,85.66666667,66,1237.815256
172.27.22.206,131.253.61.64,51174,443,TCP,13,8,5,38.46153846,0,12250.25,608.7692308,0,0,1826.207562,0.538461538,0.646027632,1020.854167,740.75,3335034.059,6971,663.6923077,66,1061.202833
172.27.22.206,204.79.197.213,51175,443,TCP,7,6,1,14.28571429,0,5463.25,25.85714286,0,0,62.77364584,0.714285714,0.033130463,910.5416667,674,3940.530612,235,81.57142857,66,1281.28861
172.27.22.206,204.79.197.213,51176,443,TCP,7,6,1,14.28571429,0,4918.75,25.85714286,0,0,62.77364584,0.714285714,0.036797967,819.7916667,664.75,3940.530612,235,81.57142857,66,1423.125794
172.27.22.206,204.79.197.213,51177,443,TCP,7,6,1,14.28571429,0,5208.75,25.85714286,0,0,62.77364584,0.714285714,0.03474922,868.125,688,3940.530612,235,81.57142857,66,1343.892489
172.27.22.206,52.230.84.217,51178,443,TCP,6,5,1,16.66666667,0,4784.75,29.66666667,0,0,65.5887863,0.666666667,0.037201526,956.95,638.75,4301.888889,232,85.66666667,66,1253.984012
172.27.22.206,204.79.197.213,51179,443,TCP,7,6,1,14.28571429,0,5092.75,25.85714286,0,0,62.77364584,0.714285714,0.03554072,848.7916667,667,3940.530612,235,81.57142857,66,1374.50297
172.27.22.206,204.79.197.213,51180,443,TCP,7,6,1,14.28571429,0,5241,25.85714286,0,0,62.77364584,0.714285714,0.034535394,873.5,664.25,3940.530612,235,81.57142857,66,1335.622973
172.27.22.206,204.79.197.213,51181,443,TCP,7,6,1,14.28571429,0,5370,25.85714286,0,0,62.77364584,0.714285714,0.033705773,895,816.375,3940.530612,235,81.57142857,66,1303.538175
172.27.22.206,117.18.232.200,51182,443,TCP,21,16,5,23.80952381,0,38553,44.57142857,0,0,102.8060058,0.714285714,0.024278266,1927.65,947.25,10569.07483,447,99.14285714,66,544.7046922
